time_step,corrected_at_t0,corrected_at_t1,corrected_at_t2,corrected_at_t3,corrected_at_t4,corrected_at_t5,corrected_at_t6,corrected_at_t7,corrected_at_t8,corrected_at_t9,corrected_at_t10,corrected_at_t11,corrected_at_t12,corrected_at_t13,corrected_at_t14,corrected_at_t15,corrected_at_t16,corrected_at_t17,corrected_at_t18,corrected_at_t19,corrected_at_t20,corrected_at_t21,corrected_at_t22,corrected_at_t23,corrected_at_t24,corrected_at_t25,corrected_at_t26,corrected_at_t27,corrected_at_t28,corrected_at_t29,corrected_at_t30,corrected_at_t31,corrected_at_t32,corrected_at_t33,corrected_at_t34,corrected_at_t35,corrected_at_t36,corrected_at_t37,corrected_at_t38,corrected_at_t39,corrected_at_t40,corrected_at_t41,corrected_at_t42,corrected_at_t43,corrected_at_t44,corrected_at_t45,corrected_at_t46,corrected_at_t47,corrected_at_t48,corrected_at_t49,corrected_at_t50,corrected_at_t51
-1,1.3424503967550463,1.402932741278182,1.4214680628142404,1.4496735010305704,1.4421557508508454,1.455212477497453,1.4585986696455835,1.4654482960936197,1.4794904707321312,1.473398418765824,1.4714620888158667,1.4842635412323095,1.4703176624070124,1.4844400867809475,1.4801414500514718,1.479035390490835,1.4837006108583295,1.4836381672370986,1.487971822229529,1.4865696166676845,1.4853421753511058,1.482540342329121,1.4810421947027743,1.4886157783642338,1.495597067749817,1.4857157339195015,1.4888173736889767,1.4912151244863965,1.4902696771764037,1.4924632145963632,1.4872806625825197,1.4916745878777524,1.4916818476448337,1.4914006796685872,1.4953176606380367,1.4922324660235065,1.4910761083017985,1.4929070220027354,1.4973225591824415,1.4922066117508543,1.4874636945051702,1.4938928652612622,1.4894333775308986,1.492278169325818,1.488737743739481,1.49570304690475,1.4878523214907864,1.4893319694814662,1.4920169952658289,1.4944907348452603,,
0,1.3765522209967864,1.4255451591630883,1.4235421448841714,1.4588124949508885,1.461405192913466,1.4541273599590343,1.4545501207914326,1.4729558397385398,1.483228927414689,1.482162153611927,1.469088174063876,1.4748466757412697,1.4809829947944464,1.4888485253766066,1.477045731232674,1.4855230303547793,1.4863606075470983,1.4777940070638182,1.4909600123512716,1.4864123999537877,1.4896338825882738,1.484419842353248,1.4812682187242787,1.4917360650151126,1.4878526853094347,1.4873292767617488,1.4863891629088646,1.4857242747742456,1.4959962237227629,1.4953525597000257,1.4856188671663613,1.49973185146812,1.491527932494118,1.496877936168258,1.4889406018413731,1.492533908121195,1.4921766461973625,1.4921070386168152,1.4946844806240804,1.4930382777703075,1.4902615106081367,1.494577326869837,1.4893529742610403,1.4938561404099162,1.492108571214269,1.4891533921300395,1.4907635519288696,1.490358865531624,1.4943976330101,1.498493395878564,1.5,
1,,1.3905247173105622,1.420982333940806,1.4433707722903544,1.4361546796546565,1.450361916564018,1.4492667314309586,1.4604208968309809,1.468403491405139,1.467783617247857,1.466115743819325,1.485631058645782,1.4793478734782328,1.4736527452432997,1.464630683167254,1.4917015750333376,1.473954679201618,1.4785564129206152,1.4781170944058994,1.4796470137542914,1.4815779063673118,1.4865079845854767,1.4779674022462723,1.4883780218102762,1.4870273463549153,1.4928192569589465,1.4876812658038363,1.4884224009717444,1.4827314296178282,1.48703291263201,1.481458695007621,1.4871484306950282,1.4917026382445209,1.4909514143027534,1.487011344449111,1.4904706999861084,1.491625066532018,1.4954108907726504,1.482203393500737,1.489476732361034,1.4894271658413454,1.486784985429354,1.490763224256157,1.4869012516617977,1.4896665984220556,1.4887715293077002,1.4819890232867887,1.4918053839433036,1.4959453744490938,1.494383939847361,1.5,1.5
2,,,1.4530100761126148,1.4302833469125729,1.4607769904278027,1.4683474230710032,1.4732932020626313,1.4719456684634098,1.4797018567443263,1.4818419833024838,1.4837992088875087,1.475838619414815,1.479124534580041,1.479285778700503,1.494653697513837,1.4811807036433489,1.4858917407834515,1.4799880066690714,1.4929758418694783,1.484554736400708,1.4885119382052991,1.4896256445690192,1.48716391961509,1.4900529022133808,1.4902479610104904,1.4892829135434629,1.4938697351395136,1.4904793139992885,1.492182910775176,1.483814412486789,1.4957801044701724,1.493789598617742,1.494601013608102,1.485721823434632,1.4940033221186284,1.492877151441253,1.4921660186125223,1.4867087532767675,1.4971196756060825,1.487737696959338,1.4939515659597054,1.489900272300537,1.4940322749598696,1.488012730376174,1.4921702773751224,1.4853919325693907,1.4921763114615862,1.497833028643045,1.4963094962374006,1.4922944665433158,1.5,1.5
3,,,,1.4368625025674473,1.4641399662517005,1.459845778110453,1.462869395137336,1.487321270151727,1.4683915171912147,1.4683315183762164,1.479967443759829,1.4752730078233365,1.4744087698603658,1.48378472864373,1.4851291633096126,1.4841516363935687,1.4884525584842585,1.4812543806504184,1.4803815981836326,1.4907536100088654,1.4819001686295448,1.4747678275516642,1.4917635481908742,1.4847419769263193,1.4880503535461582,1.4894896949288066,1.4857222731578736,1.490715321515738,1.4901264218709316,1.482928397704537,1.4918519434421122,1.4917813440067809,1.490189571900409,1.4908480802255162,1.4936766539730146,1.494065274815336,1.4898061240610545,1.4887212229948747,1.4894573294115607,1.4911411187198584,1.4897500488370488,1.4934068068617194,1.4852278155134095,1.495014052683318,1.4858757558872393,1.4861772654101688,1.4976767708623422,1.4961336910225118,1.492142526676758,1.4957018784562202,1.5,1.5
4,,,,,1.4543700376550812,1.4663236405521425,1.46899202664272,1.4667987813773873,1.470183510957818,1.4709459091485466,1.4774766009768203,1.4831866690672362,1.4881527936402392,1.4753539201861017,1.4877125578913726,1.486030940435357,1.4813661130523563,1.4839596465542104,1.480634366227906,1.48780769128929,1.4888475349547663,1.482537872433106,1.4923061839483411,1.4971476448844194,1.5003982843257135,1.4887361185953252,1.4906046844908687,1.4897520655163752,1.4853643916032873,1.4947653039099722,1.4940173665792726,1.493906445923031,1.4897260407025408,1.49727019882704,1.4954701953658334,1.486657542543305,1.493300136282931,1.4972324191788149,1.489645782827998,1.4969598426707167,1.4926549294755314,1.4925246898984077,1.4934752239627271,1.4893102928539617,1.4897613415425446,1.4981029620917925,1.4981712306311956,1.494169409169141,1.4977328901293392,1.4965409702048655,1.5,1.5
5,,,,,,1.46478402152345,1.4717156056107743,1.465538866969158,1.4755841910963856,1.4780519881843592,1.4706941071531197,1.4775756360313592,1.4778410109201237,1.4803976418993583,1.4840023938967697,1.4844933138732892,1.4724103895843432,1.4842995004040005,1.4882872975882362,1.4838114235838944,1.485530798350252,1.4879135884871286,1.4893761441328954,1.4950240786449855,1.4877281741029276,1.4928281810927286,1.489374771728698,1.485708914175014,1.4873924244811196,1.4895487708356945,1.4900850878831933,1.4931416658393108,1.4931541746582115,1.4952509886021224,1.487570608638269,1.49532979077688,1.4877677278612262,1.4903831021350238,1.4932027750022532,1.4914238733452228,1.4908717488918333,1.4897166242808335,1.4911483298488304,1.4891495536783887,1.4911636267207504,1.4969536530391911,1.4930077903184618,1.4965562031835242,1.4953703767893975,1.4939014597198574,1.5,1.5
6,,,,,,,1.4797168746966112,1.4652681396716227,1.4749678265822144,1.4655488361564593,1.4923177623932238,1.466867479046173,1.4849030932323473,1.4867849725295506,1.4889253283679726,1.4783467715610148,1.4761859017336978,1.4892428714130104,1.494163920909054,1.4864445037756804,1.4793505774230225,1.49027502359197,1.49237523348425,1.484588121659773,1.483066559789623,1.485687910394338,1.4899652736461195,1.4882727448328918,1.4914941691283683,1.488294026450315,1.4928358472502603,1.4879730980649803,1.4948499336607697,1.4849866633376545,1.4881726636864645,1.488255812868123,1.4940496499631342,1.487674148254977,1.494630243172272,1.4860090677913698,1.4929171092437548,1.4855622910851047,1.488488312278102,1.4905732455543952,1.4933355012003393,1.4909039696054385,1.49453264757619,1.493339163611075,1.4918973902677182,1.490539227134651,1.5,1.5
7,,,,,,,,1.4633051530974712,1.4505820079469958,1.4785031099892585,1.4700396082745617,1.4737467144905103,1.4731526880082708,1.4747542344534876,1.4784609303697072,1.469603586270554,1.4767714231281597,1.4764796599019478,1.475566487305218,1.4777382870158429,1.4844070482518985,1.4878942450243302,1.4894079437413994,1.4900184034575297,1.4840739166566896,1.480351665156492,1.4816342012444204,1.482784407397515,1.4766868077783688,1.4877221306455064,1.4901158448216516,1.4894201802947007,1.4834332195929003,1.4878315952515542,1.4890161597718854,1.483222887050452,1.487060481172005,1.4895635633949516,1.4834975425738208,1.489910345736309,1.4804481398201867,1.489002217897592,1.4885771735003153,1.484933291600557,1.4883150595476802,1.4919384581593118,1.490811372488814,1.489363117100606,1.4880484280388449,1.4862131204761917,1.5,1.5
8,,,,,,,,,1.4684714458268515,1.4736677443253137,1.4769784815200806,1.4808361905841596,1.4710228651539206,1.4758825176702284,1.4775083908597504,1.4833867310231024,1.4817538571065574,1.4804491701459104,1.4844460905524943,1.4852593315189158,1.491111060160174,1.4900678336464337,1.4881473371938403,1.4831732232528934,1.4891097578779326,1.4924367054899692,1.4831213096626146,1.489562515443679,1.4887765868436371,1.4942309433944925,1.4887112467001922,1.4874929659300464,1.4896385624044095,1.4863721016839782,1.4882242534837475,1.4951359775383006,1.4885331656436265,1.491177831282267,1.4895416207384495,1.4881222793375788,1.487913440559233,1.4924436330519282,1.4888094184169929,1.4890968664251996,1.4942990984901376,1.4931755927843542,1.491774436672236,1.4904185252709807,1.4886086655215465,1.4903101664844485,1.5,1.5
9,,,,,,,,,,1.4787716731468556,1.4841734001899618,1.487673349083616,1.4892312368903988,1.489892173105427,1.484640041118317,1.48457505038823,1.4866096076366229,1.4975163181965525,1.4915642147371695,1.4993741298447445,1.48701654610851,1.4953344958547845,1.490029763990324,1.4888043990312088,1.4932989127668246,1.495114138181082,1.4933190313913085,1.4903170739235907,1.499060870017653,1.5008267695370927,1.4921064793669403,1.4981668393104646,1.4959964731401147,1.4990702355395855,1.4944212732791349,1.497868831199058,1.496205027259376,1.497086842788676,1.4951669694658796,1.492899864830676,1.5030576460660412,1.496954951654394,1.4907893684232134,1.5017634081957068,1.5006450330320833,1.49924672241918,1.4979403152087771,1.4960870536454325,1.497817611990457,1.4997318317361867,1.5,1.5
10,,,,,,,,,,,1.4768941903854764,1.4740208098080003,1.4854458081220514,1.4895816681946352,1.4786436055110928,1.4723407588847128,1.4864815648403986,1.4888610696706326,1.4922723992206686,1.4850847139190753,1.4880828907452412,1.4888805048283085,1.4862474113570765,1.488712788518535,1.4871834170767892,1.4770867547282498,1.4923260458084544,1.4835820300243774,1.4940741928349912,1.480511409277251,1.4913839170677023,1.4870304415750115,1.485538946050117,1.4886363109298013,1.4951705998730072,1.484276381173962,1.49401694038275,1.484021837868739,1.4897143994606452,1.4912026640589209,1.4900748474829169,1.483949901631163,1.4917689721155525,1.492211379183325,1.4908103061341125,1.4895008309929418,1.487691220944657,1.4893805649923777,1.491305196867093,1.4903206545606744,1.5,1.5
11,,,,,,,,,,,,1.4792955076160874,1.4781798403612778,1.482947128135511,1.477740802200448,1.488269101766278,1.4860619075133763,1.48948056375173,1.4902881746571073,1.4887609711548513,1.4925338928033276,1.4877185041998144,1.4904637290474847,1.4937902635053038,1.4889690665130315,1.488733961467995,1.489326330112632,1.4951823408706024,1.4902941169652324,1.493653932482245,1.4932736235233408,1.4929223433141492,1.497128085461741,1.492203396346312,1.4913337198497003,1.496652879461416,1.4893178013458417,1.494470498520576,1.493795851216312,1.4983938542527062,1.4898205766378287,1.491163947299173,1.4973460378532553,1.4959578144986605,1.4946567468175014,1.492858185793221,1.4945933265214122,1.4964791142172094,1.4954975756424247,1.4994543736823698,1.5,1.5
12,,,,,,,,,,,,,1.486951080797462,1.4762555717268997,1.4812861800075103,1.4814336325210948,1.4988678314475985,1.4863196395506206,1.486741976864583,1.487366228783941,1.4862051861429018,1.4852819931897656,1.4878351154840412,1.488963136574195,1.4886168948036729,1.5011006474208022,1.490178526604391,1.49101749412927,1.489413097727225,1.4938381540642602,1.4913886476074292,1.491086082781666,1.4937618420627792,1.4960683518147817,1.4921489830374643,1.4935432409159708,1.490767519903448,1.4980218851383604,1.493837967017383,1.4903257947636133,1.4917547866024603,1.4947733544201829,1.494892459204487,1.493604779649405,1.4918004164645278,1.4935380516676655,1.495473458349579,1.4944529373937845,1.4984017378953227,1.4947286237682549,1.5,1.5
13,,,,,,,,,,,,,,1.4772064937791265,1.487717893442896,1.4832853700363735,1.4854387898806145,1.497235686005712,1.488017829360135,1.4822747203578996,1.4933210232644425,1.4939785245766457,1.4881280802621597,1.487793380411781,1.4869887102410364,1.4909411305980231,1.4814935925871768,1.4944088552068908,1.4911874345078475,1.4926649875096745,1.4936669903351374,1.4974718361009105,1.4881845934051063,1.4943900522131026,1.491365190840918,1.4911283922864758,1.4980055333090418,1.4916172875804428,1.493753852757205,1.4927969756706445,1.4894061664360214,1.495250075604924,1.493918447073891,1.4921276574655582,1.493858306205027,1.4958042198926529,1.4948200852119748,1.4987363566366954,1.4950540877300145,1.4931257434517808,1.5,1.5
14,,,,,,,,,,,,,,,1.4907942482609151,1.493859372721895,1.4931368078006697,1.49254682799511,1.489548047349388,1.4900499249041734,1.4864532824815435,1.4874732994595776,1.4966008995396547,1.4899013471428322,1.4985894527161758,1.48375423920195,1.4944932988376558,1.4878965997792122,1.4940904816598004,1.492878514047334,1.4922887028000242,1.4906597412293447,1.49991064688198,1.4877395541153215,1.496252195740552,1.495087308703802,1.4967495098246195,1.490112796319893,1.4941246494558518,1.490838882948619,1.493648612871876,1.4937891698948822,1.4919758013794095,1.4936868781472277,1.4956321691094,1.494634824735369,1.4985569683150368,1.494856059020652,1.4929094212542475,1.494613126888463,1.5,1.5
15,,,,,,,,,,,,,,,,1.4919343026996073,1.4890913969172592,1.4759167035850258,1.487302718458479,1.4855195765079494,1.482136633485628,1.48572463026988,1.4881374943396248,1.491814903152218,1.4855970658349222,1.4866405931505524,1.4915122473258438,1.490140513415494,1.4928853965592703,1.4933978754457309,1.492999466539409,1.4907411855380628,1.488554228276468,1.4927198973017743,1.494110377261037,1.4953278067352618,1.4865326282472582,1.4962159645953064,1.4905038897508,1.4868594981849148,1.492858861108225,1.4909770749288986,1.4927070295189644,1.494619427451585,1.4936495954430156,1.497558047019386,1.4938360366321235,1.4918897478753033,1.4935695784762948,1.5020210093023134,1.5,1.5
16,,,,,,,,,,,,,,,,,1.4865479808680857,1.4863964368340414,1.4808117228500088,1.4844685023158168,1.492576719792318,1.492779554336646,1.485138206442459,1.4858930486552298,1.4871725586230653,1.4841162174452964,1.485146242199997,1.4926485696780871,1.4910400421656254,1.4860586396399609,1.4915508881716946,1.4924681756413536,1.4873786703291738,1.4975474298335394,1.490714411434878,1.4899529540704006,1.4908517473168408,1.490118037566032,1.486576749409527,1.4894631957225164,1.4891733308059072,1.4908303802121825,1.4927783155569958,1.4917836532118265,1.4957310016771233,1.4920115528034188,1.4900372864645837,1.4917249375045978,1.5001478975632605,1.4918760881769724,1.5,1.5
17,,,,,,,,,,,,,,,,,,1.489060076335251,1.4750396672382722,1.4840731129032845,1.4862564081025698,1.4914062278655351,1.4812723606158456,1.4840296931219426,1.4827186459679864,1.4872713144689134,1.4886665069066962,1.4909761246168989,1.4872294184168982,1.4938145110553835,1.4832829160385763,1.48823499000356,1.493981225483006,1.4897270802424003,1.4884991990293968,1.487260235159038,1.4921714952673049,1.486184576050131,1.4826616500761878,1.4881282724554,1.489856144738534,1.4917272359012217,1.4907676820299427,1.4946883925556966,1.4910041258870677,1.4890306334193315,1.4906934312268951,1.4991276523590251,1.490827588860716,1.492475643635942,1.5,1.5
18,,,,,,,,,,,,,,,,,,,1.484074835615949,1.4898251581773914,1.4941353710244294,1.481937880924329,1.4998773548963462,1.4925650522024445,1.4897727143678596,1.4905270011267968,1.4975706710962151,1.4916710386073802,1.493797036698548,1.490881549855993,1.4990262844317237,1.4955342343023124,1.4999978970518308,1.4907259794562724,1.4975364658244312,1.4936726926969663,1.492644826253977,1.4891992871678754,1.4916176350614394,1.4948340733208454,1.4967361994261894,1.495739774215873,1.4997031865079165,1.4959891273765855,1.4940511505046543,1.495705128055396,1.5041127887109296,1.4958205243260638,1.4974535148850912,1.4971980514540653,1.5,1.5
19,,,,,,,,,,,,,,,,,,,,1.493672037061366,1.482549362144883,1.48429179687406,1.4806534236482003,1.485237810333203,1.483789710898611,1.4905196612773417,1.4884902965909934,1.491831235793065,1.4901252189102112,1.4866919156105995,1.4933347562232198,1.4933882030592818,1.486635487653078,1.4929533272616429,1.487022596887351,1.491627114245466,1.4857252399945886,1.481709199485326,1.490747140594046,1.4926234238735063,1.491598820505759,1.4955703653824317,1.491894388212022,1.4899286137015046,1.491624186932127,1.5000386109316577,1.4917159574042893,1.4933453730396766,1.4930860523325202,1.4956871156524714,1.5,1.5
20,,,,,,,,,,,,,,,,,,,,,1.4917459360970622,1.4974723254052185,1.4888766240435036,1.4915214091644198,1.4897267316881064,1.493886561131246,1.4950516317703093,1.4888313510690876,1.4931390112174892,1.502848965538136,1.4937213145449104,1.4957161952625064,1.4939734234117628,1.4960155986969854,1.4919510199214925,1.4909901691317071,1.487025141359651,1.492991080518573,1.4964100723670093,1.4953952378127815,1.4993111838423292,1.4956527127682622,1.4937266536366332,1.4953945103954676,1.5038423118044877,1.4955172801153371,1.4971148191804595,1.4968553498935906,1.499455323562941,1.497716081875358,1.5,1.5
21,,,,,,,,,,,,,,,,,,,,,,1.4905002322150764,1.494248082956676,1.4908326871374131,1.49173076478019,1.4966922243093672,1.4916996936881877,1.4971663317150457,1.495424330974441,1.4963100762262616,1.4938965169635383,1.494761343048591,1.496281113443224,1.490062176339144,1.4948375640935168,1.4884096013246773,1.487907991418474,1.4971276142827905,1.496098538786665,1.500050635514403,1.4963386597394337,1.4944222533202127,1.4961353468932406,1.5045501479339476,1.4962682689576257,1.4978559970633285,1.497565937513527,1.5001660400309926,1.498426255714144,1.4937842879106074,1.5,1.5
22,,,,,,,,,,,,,,,,,,,,,,,1.490728650054706,1.4773354415771154,1.4943681973340368,1.4870943535338124,1.488051400044392,1.4939915633744696,1.4980749312902857,1.4864097637056295,1.4959844876942834,1.4895312492479065,1.4912857517804836,1.4872988129469462,1.4858872147473223,1.4854389573492612,1.4915938227621406,1.492063511561681,1.4959940973160142,1.4923351506700628,1.4903850192899584,1.492091723974482,1.500507537794693,1.4921885790443323,1.4938169417500626,1.4935702029095936,1.4961327126203516,1.4943881395949714,1.489774406011659,1.4928948124372436,1.5,1.5
23,,,,,,,,,,,,,,,,,,,,,,,,1.4887017619061576,1.4868189841867572,1.488904181948659,1.4960169432863462,1.4885784227929475,1.487039586369053,1.492207735939434,1.4882732277259738,1.4895579315913683,1.48344776603026,1.4876921768986786,1.4848428049752975,1.4844935627430609,1.4908046505780996,1.4947145888139564,1.4910207717175037,1.4891089010978338,1.4907912285321565,1.4992540994821906,1.490928986126069,1.4925450901143704,1.4922678056996816,1.494886233460055,1.49310849857559,1.4884613598407674,1.4916236850244609,1.4945330068304985,1.5,1.5
24,,,,,,,,,,,,,,,,,,,,,,,,,1.4903245443380784,1.4928607916315302,1.4931291323965872,1.4946919989279104,1.4906878083970136,1.4955130344198748,1.4887468411489189,1.4905922328595078,1.4861347376969365,1.4882520189817223,1.4879903175143314,1.4911844026667802,1.4966766065232544,1.4929599416613373,1.491016022059741,1.49273325948517,1.5011491918376392,1.4928924604637406,1.494484217145018,1.4942139108345602,1.4967921324232438,1.4950746707208276,1.490390336477205,1.4935186039023485,1.4964761403508755,1.494820521743104,1.5,1.5
25,,,,,,,,,,,,,,,,,,,,,,,,,,1.4987773062932526,1.488860524047203,1.494915083694076,1.4953671614663977,1.491177836534301,1.4925084493026748,1.4859120102022945,1.4937083312732662,1.490993364649244,1.4877364040028038,1.4990195924986691,1.4953433351084156,1.4933712308237803,1.4950567730072872,1.503510831881292,1.4952257220092646,1.496886552023272,1.4965663248514405,1.499155667013377,1.497392659708492,1.4927755339026711,1.4958596291593584,1.4987789341118982,1.4971832427469127,1.4961259680015933,1.5,1.5
26,,,,,,,,,,,,,,,,,,,,,,,,,,,1.4967622700180372,1.487973402210653,1.4925457677562153,1.485882205856591,1.4871937230965269,1.4862920006478673,1.4885629471413346,1.4853634245859146,1.4935316972668229,1.49141343272897,1.4894851918413452,1.4911479428214691,1.499553137781136,1.491317004029863,1.492997516017776,1.4927185991990894,1.4952620211561356,1.493514951005769,1.4888505841158,1.4920006665404653,1.494885017021064,1.493242717610733,1.4922511589977885,1.4927809558304093,1.5,1.5
27,,,,,,,,,,,,,,,,,,,,,,,,,,,,1.4907947576582194,1.4866985388030878,1.4875498838674988,1.4844972274118275,1.4924178018299286,1.4868022571862671,1.488505973359444,1.4921424019797085,1.4902402781397226,1.491939440568968,1.5003265006729645,1.4920510619472966,1.4937768828420614,1.493511413387156,1.4960901197821015,1.4942851812301514,1.48963304216208,1.492744981006313,1.4956868168594557,1.494015528588187,1.4930064438159485,1.4935765763444098,1.491402554071376,1.5,1.5
28,,,,,,,,,,,,,,,,,,,,,,,,,,,,,1.4858779857968625,1.490746232583427,1.4899941661661191,1.4893077401729873,1.4911315985464844,1.4916640136102084,1.4912575956518443,1.4929755505929765,1.5014007420138524,1.4930988048598235,1.49480463335016,1.4945706359194255,1.4971623108545296,1.4953854605958994,1.4906764015177625,1.4937978855011826,1.4966977607042051,1.4950874165937296,1.4940745265568038,1.4945963861743476,1.4924692823319512,1.4975002727219764,1.5,1.5
29,,,,,,,,,,,,,,,,,,,,,,,,,,,,,,1.4891721834518263,1.494202458022672,1.49351673499199,1.4876581431177065,1.493005851926673,1.4946967100566393,1.5031421933168423,1.4948853017235433,1.4965585763791656,1.4963217860225515,1.49893509428999,1.4971791194677524,1.4925051434325367,1.4955808062548,1.4985070809594367,1.4968538242941138,1.495895597529746,1.4964157059180463,1.4942339176118635,1.4993121747867624,1.4959837283097217,1.5,1.5
30,,,,,,,,,,,,,,,,,,,,,,,,,,,,,,,1.498652845753662,1.4927889421339466,1.495128719590282,1.4982822599571288,1.5066517145332772,1.4984899537627938,1.5001695501792356,1.499922058701218,1.502550970613912,1.500770841235021,1.4961346805343665,1.4992993345818926,1.5021627652237528,1.5005879913449611,1.499622561767672,1.5001542893630542,1.497976137901632,1.5030220100871217,1.499692718950469,1.4970819465861116,1.5,1.5
31,,,,,,,,,,,,,,,,,,,,,,,,,,,,,,,,1.4849235097359264,1.493940522382566,1.5022708144918877,1.49402852677008,1.495800190069997,1.4955406281563164,1.498144278873225,1.4964186902668042,1.4917394433875968,1.4948865545317205,1.4978284772955637,1.4961408038589343,1.495203764197092,1.4957629918583863,1.4935928493181696,1.4986544158151855,1.4953141185499137,1.4926849433090523,1.5008714969563772,1.5,1.5
32,,,,,,,,,,,,,,,,,,,,,,,,,,,,,,,,,1.5033961767404151,1.495102007860183,1.4968609528200918,1.4966223854927885,1.499213711037953,1.4974686831046706,1.4928353939994656,1.4959449588938716,1.4988803764461878,1.4972656804203213,1.4962733696023467,1.496832999221,1.494689164523078,1.499748095254025,1.4964211896026645,1.493783581553772,1.5019614891000943,1.4962739199337858,1.5,1.5
33,,,,,,,,,,,,,,,,,,,,,,,,,,,,,,,,,,1.4951637449879405,1.4949483655766918,1.497544466954759,1.495793549900962,1.4911415403406787,1.494294489957751,1.4971965184331053,1.495567207858214,1.4946224750393653,1.4951453471466547,1.4929949914613527,1.4980800650517003,1.4947573447504918,1.4921299123073175,1.5003066105091944,1.494589313099348,1.492830173049704,1.5,1.5
34,,,,,,,,,,,,,,,,,,,,,,,,,,,,,,,,,,,1.4958293682688737,1.494074450061612,1.489414961570399,1.4925499893761611,1.495492281906707,1.4938342302214902,1.4928769450030297,1.4934454806028294,1.4912593773138096,1.4963495452818216,1.493048011504411,1.4904220568608426,1.4986179163223623,1.4928819801378286,1.49107453756805,1.4945935532132657,1.5,1.5
35,,,,,,,,,,,,,,,,,,,,,,,,,,,,,,,,,,,,1.4924606621666676,1.4955837638647078,1.498505864976843,1.4968933438539915,1.4959090857464228,1.496459929862587,1.49431855233183,1.4993814197082218,1.496075662491457,1.4934736084878248,1.501669284735277,1.4959304947418322,1.494112186937405,1.4975957884392603,1.5001746117758012,1.5,1.5
36,,,,,,,,,,,,,,,,,,,,,,,,,,,,,,,,,,,,,1.496936159702687,1.4953009610222,1.4943933383607515,1.4948846450187998,1.4927291142964452,1.4978412371866487,1.494500654381229,1.491898789701403,1.500120175379898,1.4943810737900036,1.4925208101928358,1.496033039632494,1.4985719716171906,1.493309669920175,1.5,1.5
37,,,,,,,,,,,,,,,,,,,,,,,,,,,,,,,,,,,,,,1.4919218100755165,1.4924858945622492,1.490280407971902,1.4953796874358931,1.4920636020046156,1.4894304149182165,1.4976425486460927,1.4919089308776003,1.490063582290195,1.4935424113134443,1.4961178306918446,1.4908200773447011,1.4907900356407378,1.5,1.5
38,,,,,,,,,,,,,,,,,,,,,,,,,,,,,,,,,,,,,,,1.4925245019662987,1.4975878831161664,1.4942849446799256,1.4916467483565323,1.499854919316517,1.4941166763502176,1.4922465336924848,1.4957472501068558,1.4982838609258986,1.4930378310369503,1.4929847987561982,1.4957461789905424,1.5,1.5
39,,,,,,,,,,,,,,,,,,,,,,,,,,,,,,,,,,,,,,,,1.495786157371523,1.4931828418949176,1.5013838227105316,1.4956350658206865,1.4937807991590435,1.4972422818867837,1.499795711093578,1.4945066924194057,1.4945021957943716,1.497246081288582,1.4976971982398668,1.5,1.5
40,,,,,,,,,,,,,,,,,,,,,,,,,,,,,,,,,,,,,,,,,1.5022353196915663,1.49647827699879,1.4946006395375486,1.4980935725721558,1.5006022995729489,1.4953339017562337,1.495288417938959,1.4980758132609635,1.4985098647849393,1.4931966368479717,1.5,1.5
41,,,,,,,,,,,,,,,,,,,,,,,,,,,,,,,,,,,,,,,,,,1.487360655264162,1.4908361763806908,1.4933752339012032,1.4880606247451398,1.4880326856501986,1.4907780446522645,1.4912514511091253,1.4859584217063664,1.4884877132546,1.5,1.5
42,,,,,,,,,,,,,,,,,,,,,,,,,,,,,,,,,,,,,,,,,,,1.498189137166852,1.4929057726655095,1.492839680875414,1.4955998501297736,1.4960360640814725,1.4907832018598626,1.4933475458633092,1.4968141942764803,1.5,1.5
43,,,,,,,,,,,,,,,,,,,,,,,,,,,,,,,,,,,,,,,,,,,,1.491157259105537,1.4938786124694847,1.4943320933193909,1.4890489158263471,1.49163752181624,1.495149430799814,1.4920253616696233,1.5,1.5
44,,,,,,,,,,,,,,,,,,,,,,,,,,,,,,,,,,,,,,,,,,,,,1.4944280573307152,1.4891550928531467,1.4917217921669157,1.4952523121782333,1.4921731409852108,1.4906654531632375,1.5,1.5
45,,,,,,,,,,,,,,,,,,,,,,,,,,,,,,,,,,,,,,,,,,,,,,1.4929994994235871,1.496504271785991,1.493430274228928,1.4919819902332088,1.491285156063983,1.5,1.5
46,,,,,,,,,,,,,,,,,,,,,,,,,,,,,,,,,,,,,,,,,,,,,,,1.4943774034720314,1.4929107075274357,1.4922955152780617,1.4906967248844116,1.5,1.5
47,,,,,,,,,,,,,,,,,,,,,,,,,,,,,,,,,,,,,,,,,,,,,,,,1.4889568488629463,1.4874351583652734,1.4931767704802672,1.5,1.5
48,,,,,,,,,,,,,,,,,,,,,,,,,,,,,,,,,,,,,,,,,,,,,,,,,1.4969406486736896,1.4984241921428567,1.5,1.5
49,,,,,,,,,,,,,,,,,,,,,,,,,,,,,,,,,,,,,,,,,,,,,,,,,,1.493818050604636,1.5,1.5
50,,,,,,,,,,,,,,,,,,,,,,,,,,,,,,,,,,,,,,,,,,,,,,,,,,,1.5,1.5
51,,,,,,,,,,,,,,,,,,,,,,,,,,,,,,,,,,,,,,,,,,,,,,,,,,,,1.5
